modern_nam;LCD_name;ID;unci;x;y;province;kylaegund;parocchia
Oraniku;_rauangaes;LCD268;4;564172;6538416;Haeriae;;Juriz
Atla;Accola/Attola;LCD30;10;557582;6546573;Haeriae;;Haccriz
Andja;Adnaeias;LCD17;6;639563;6593572;Uironia;Maum;Maum
Aeli;Aeilaes;LCD7;1;573810;6542661;Haeriae;;Juriz
Aigitse;Aekizae;LCD10;7;533504;6547541;Haeriae;;Haccriz
Hageda;Akedolae;LCD461;11;652524;6592892;Uironia;Maum;Maum
Atsalama;Akimal;LCD31;9;691588;6571575;Uironia;Alentagh;
Aila;Akiolae;LCD11;5;527784;6572518;;Uomentakae;Keykel
Alu;Alafae;LCD14;12;543888;6542996;Haeriae;;Haccriz
Alavere;Alauerae;LCD13;12;575852;6568488;Haeriae;;Kolkis
Aluvere;Alouerae;LCD15;14;637390;6584855;Uironia;Repel [Vir];Halelae
Annikvere;Andikewaerae;LCD20;26;623775;6596193;Uironia;Repel [Vir];Halelae
Angerja;Angaer;LCD18;25;549012;6560122;Haeriae;;Haccriz
Aburi;Apur;LCD6;6;629120;6562508;Uironia;Repel [Vir];Toruestaeuaerae
Aarla;Ardala;LCD2;8;649199;6584211;Uironia;Maum;Maum
Aruküla;Arhukylae;LCD26;5;519572;6561750;;Uomentakae;Keykel
Aresi;Arissilae;LCD23;12;639766;6590183;Uironia;Maum;Maum
Arkna;Arkenallae;LCD25;27;634718;6586339;Uironia;Repel [Vir];Halelae
Argoma;Artinas;LCD24;10;621216;6580135;Uironia;Repel [Vir];Toruestaeuaerae
Assamalla;Asaemulae;LCD28;18;629144;6567831;Uironia;Laemund;Vov
Ääsmäe;Asimekae;LCD479;20;530271;6566668;;Uomentakae;Keykel
Assaku;Assuncauae;LCD27;4;548010;6582951;;Ocrielae;Waskael
Alantsi;Atanascae;LCD12;17;565338;6554787;Haeriae;;Juriz
Ahila;Athelic;LCD8;10;617555;6584707;Uironia;Repel [Vir];Toruestaeuaerae
Hatuküla;Attol;LCD32;8;496308;6562445;;Uomentakae;Keykel
Avanduse;Auendoys;LCD34;10;637290;6547544;Uironia;Lemmun;Katcaekylae
Avispea;Auespae;LCD35;8;635527;6555295;Uironia;Lemmun;Katcaekylae
Veski;Aunapo;LCD452;5;564919;6573043;;Repel;Jeeleth
Aidu;Aytis;LCD9;19;673520;6580494;Uironia;Askaelae;
Kalbu;Calablia;LCD97;5;550712;6528293;Haeriae;;Haccriz
Kalumatsu;Callumanae;LCD102;5;496261;6565964;;Uomentakae;Keykel
Kabala;Capal;LCD85;30;537467;6532543;Haeriae;;Haccriz
Kavastu;Capis;LCD120;27;621546;6594696;Uironia;Repel [Vir];Halelae
Kabala;Cappala;LCD84;23;652220;6582677;Uironia;Maum;Maum
Karjaküla;Carias;LCD108;5;522070;6577855;;Uomentakae;Keykel
Karula;Carola;LCD483;;626393;6602156;Uironia;Repel [Vir];Halelae
Karnaküla;Carvanal;LCD111;6;528055;6580324;;Uomentakae;Keykel
Kaasiku;Casacu;LCD83;10;548943;6555057;Haeriae;;Juriz
Sirgala;Cirpae;LCD371;1;714854;6582430;Uironia;Alentagh;
Kumma;Compayas;LCD161;10;547917;6534662;Haeriae;;Haccriz
Koeravere;Corauerae;LCD142;8;634833;6570253;Uironia;Laemund;Vov
Mõisaaseme;Coriakiuae;LCD239;6;578255;6564803;Haeriae;;Kolkis
Kõrveküla;Corpius;LCD178;20;612462;6582551;Uironia;Repel [Vir];Toruestaeuaerae
Kose;Cosius;LCD154;9;566736;6561422;Haeriae;;Kolkis
Neeruti;Coskius;LCD251;5;622836;6576725;Uironia;Repel [Vir];Toruestaeuaerae
Kupna;Cupanal;LCD164;18;641397;6570446;Uironia;Laemund;Vov
Tammiku;Damicas;LCD390;9;692316;6582166;Uironia;Alentagh;
Hiietse;Egentakaes;LCD49;5;524191;6545350;;Uomentakae;Keykel
Jõetaguse;Eghontakae;LCD72;24;622291;6578783;Uironia;Repel [Vir];Toruestaeuaerae
Jõgisoo;Ekius;LCD73;12;528876;6570765;;Uomentakae;Keykel
Emumäe;Emomaekae;LCD38;10;636133;6534995;Uironia;Lemmun;Katcaekylae
Engla;Engael;LCD162;10;524924;6577365;;Uomentakae;Keykel
Edise;Eteus;LCD36;5;692353;6586370;Uironia;Alentagh;
Edivere;Ettiauerae;LCD37;5;700883;6573049;Uironia;Alentagh;
Kaberla;Gabriel;LCD86;14;570633;6593014;;Repel;Kusala
Essu;Gesse;LCD40;6;634434;6590516;Uironia;Repel [Vir];Halelae
Jõhvi;Gevi;LCD74;20;693898;6585099;Uironia;Alentagh;
Kulna;Guldan;LCD160;20;519550;6573028;;Uomentakae;Keykel
Kunda;Gundas;LCD163;15;643357;6596722;Uironia;Maum;Maum
Haeimestkilae;Haeimestkilae;LCD29;3;528969;6571912;;Uomentakae;Keykel
Kehala;Haelae;LCD122;40;640806;6571423;Uironia;Laemund;Vov
Härtu;Haermaeto;LCD59;10;550484;6537143;Haeriae;;Haccriz
Hageri;Hakriz;LCD41;6;537260;6557894;Haeriae;;Haccriz
Haljala;Halela;LCD43;14;628725;6590369;Uironia;Repel [Vir];Halelae
Haljava;Halenhabus;LCD44;8;567536;6585107;;Repel;Jeeleth
Amma;Hama;LCD16;12;617681;6589679;Uironia;Repel [Vir];Halelae
Anija;Hanaegus;LCD19;7;573831;6583468;;Repel;Jeeleth
Purila;Hanaras;LCD302;5;549855;6548969;Haeriae;;Juriz
Arangvere;Harandaeuaerae;LCD21;2;547969;6544235;Haeriae;;Haccriz
Ardu;Harco;LCD22;3;578029;6552372;Haeriae;;Kolkis
Harku;Harkua;LCD45;5;532776;6583226;;Uomentakae;Keykel
Aa;Hazae;LCD1;13;679257;6590825;Uironia;Askaelae;
Aavere;Hauaueerae;LCD5;8;572093;6584274;;Repel;Jeeleth
Auküla;Haudis;LCD33;25;623995;6587359;Uironia;Repel [Vir];Halelae
Helda;Helmet;LCD47;7;553416;6543803;Haeriae;;Juriz
Ämari;Hemaeri;LCD478;5;510982;6568495;;Uomentakae;Keykel
Erra;Heraes;LCD39;28;669859;6585455;Uironia;Askaelae;
Härjapea;Hergaenpae;LCD58;3;659579;6590620;Uironia;Maum;Maum
Härgla;Herkial;LCD57;10;551532;6551703;Haeriae;;Juriz
Harmi;Hermae;LCD46;25;568815;6553847;Haeriae;;Kolkis
Hirmuse;Hermaes;LCD51;6;670190;6580454;Uironia;Askaelae;
Sõtke;Hetkyl;LCD490;;522537;6530000;;;
Ohtu;Heukael;LCD263;20;521191;6570052;;Uomentakae;Keykel
Kõldu;Hiltae;LCD172;24;621248;6592722;Uironia;Repel [Vir];Halelae
Iira;Hirae;LCD64;13;542091;6538805;Haeriae;;Haccriz
Iru;Hirwae;LCD66;7;551285;6592554;;Repel;Jeeleth
Hüüru;Hiurenkylae;LCD60;10;530680;6582518;;Uomentakae;Keykel
Vanaküla;Hockae;LCD429;28;625748;6591465;Uironia;Repel [Vir];Halelae
Voose;Hohen;LCD465;8;581360;6563905;Haeriae;;Kolkis
Kolga;Holki;LCD487;;591288;6596006;;Repel;Kusala
Idavere;Honolius;LCD61;12;629833;6590745;Uironia;Repel [Vir];Halelae
Ubasalu;Hopasal;LCD407;6;527680;6547705;Haeriae;;Haccriz
Hõbeda;Hoppaethae;LCD55;12;617332;6585806;Uironia;Repel [Vir];Toruestaeuaerae
Hõreda;Horaetha;LCD56;9;552963;6542905;Haeriae;;Juriz
Rae;Houonurmae;LCD318;5;549789;6583309;;Ocrielae;Waskael
Haiba;Howympae;LCD42;7;526985;6554482;Haeriae;;Haccriz
Hulja;Hullia;LCD53;50;626032;6581641;Uironia;Repel [Vir];Toruestaeuaerae
Humala;Humebo;LCD54;10;523082;6580909;;Uomentakae;Keykel
Üksnurme;Huxnum;LCD480;7;535882;6571838;;Uomentakae;Keykel
Pälli;Hyraenkulae;LCD309;2;509275;6565351;;Uomentakae;Keykel
Hirla;Hyruelae;LCD50;12;634764;6546610;Uironia;Lemmun;Katcaekylae
Jalase;Iales;LCD68;14;535960;6536756;Haeriae;;Haccriz
Inju;Inie;LCD65;9;634921;6572221;Uironia;Laemund;Vov
Hirvli;Irmari;LCD52;8;587364;6590510;;Repel;Kusala
Aasu;Itereuerae;LCD4;6;631284;6588310;Uironia;Repel [Vir];Halelae
Jagumaa;Jacomeckae;LCD67;10;547580;6581858;;Ocrielae;Waskael
Järveküla (+Heckelal);Jaergaekylae;LCD82;20;545017;6584473;;Repel;Jeeleth
Laanemõisa;Jagenael;LCD187;20;627815;6581868;Uironia;Repel [Vir];Toruestaeuaerae
Jägala;Jakawoldal;LCD75;17;570265;6587243;;Repel;Jeeleth
Jälgimäe;Jalkemaetae;LCD76;11;534348;6575894;;Uomentakae;Keykel
Järtu;Jaruios;LCD79;32;626199;6572599;Uironia;Repel [Vir];Toruestaeuaerae
Järni;Jarwaen;LCD77;10;629020;6574254;Uironia;Repel [Vir];Toruestaeuaerae
Järsi;Jarvius;LCD78;15;560059;6582204;;Ocrielae;Waskael
Jõelähtme;Jeeleth;LCD71;14;563772;6590320;;Repel;Jeeleth
Jrve;Jeruius;LCD80;16;687253;6589798;Uironia;Alentagh;
Joaküla;Jukal;LCD69;8;566911;6591144;;Repel;Jeeleth
Juuru;Juriz;LCD70;7;554753;6547232;Haeriae;;Juriz
Kaegynurmi;Kaegynurmi;LCD353;12;636008;6539172;Uironia;Lemmun;Katcaekylae
Kaersoo;Kaeris;LCD90;8;569544;6582780;;Repel;Jeeleth
Kärsa;Kaersae;LCD186;2;557514;6587547;;Ocrielae;Waskael
Kärsa;Kaersaelae;LCD185;2;631369;6548847;Uironia;Lemmun;Katcaekylae
Kahala;Kaial;LCD91;21;586106;6593381;;Repel;Kusala
Kaivere;Kaipiaverae;LCD95;6;573937;6569417;Haeriae;;Kolkis
Kaiu;Kaiu;LCD94;11;560758;6542142;Haeriae;;Juriz
Kalamäe;Kalameki;LCD96;5;587492;6594066;;Repel;Kusala
Kalliküla;Kaligalae;LCD100;10;638809;6598762;Uironia;Repel [Vir];Halelae
Maa-Kallavere;Kallaeuaer?;LCD217;15;559241;6591799;;Repel;Jeeleth
Kallukse;Kallax;LCD101;8;617593;6582334;Uironia;Repel [Vir];Toruestaeuaerae
Kalesi;Kallis senkau;LCD98;6;563252;6578877;;Repel;Jeeleth
Kalina;Kaltanus;LCD99;10;690555;6574419;Uironia;Alentagh;
Kandla;Kandalae;LCD484;24;628390;6598407;Uironia;Repel [Vir];Halelae
Kantküla;Kandukylae;LCD105;14;644351;6576481;Uironia;Laemund;Vov
Kangla;Kangelae;LCD104;;559252;6580404;;Ocrielae;Waskael
Karila;Kariael;LCD106;20;648538;6563141;Uironia;Laemund;Vov
Karitse;Kariscae;LCD107;5;558456;6540630;Haeriae;;Juriz
Kõrgu;Karku;LCD176;9;540961;6541222;Haeriae;;Haccriz
Karla;Karol;LCD109;14;564354;6559473;Haeriae;;Kolkis
Karlaküla;Karowelae;LCD110;4;552546;6581140;;Ocrielae;Waskael
Karunga;Karungca;LCD113;5;628095;6571324;Uironia;Repel [Vir];Toruestaeuaerae
Kasvandu;Kasawand;LCD115;8;559900;6543237;Haeriae;;Juriz
Rasivere;Kassiuerae;LCD328;7;621852;6593836;Uironia;Repel [Vir];Halelae
Kasu;Kazwold;LCD114;12;540790;6561309;Haeriae;;Haccriz
Kata;Katal;LCD116;12;554401;6561948;Haeriae;;Kolkis
Katela;Katal;LCD117;18;636753;6593272;Uironia;Repel [Vir];Halelae
Katku;Katcaekylae;LCD491;;638644;6548499;Uironia;Lemmun;Katcaekylae
Vanamõisa;Katenshapae;LCD430;4;624679;6591829;Uironia;Repel [Vir];Halelae
Kadja;Kathis;LCD88;4;569657;6545365;Haeriae;;Juriz
Kadiküla;Katinkylae;LCD87;3;638136;6535939;Uironia;Lemmun;Katcaekylae
Aaspere;Katkantagus;LCD3;6;621397;6589198;Uironia;Repel [Vir];Halelae
Katkutaga;Katkuntakuse;LCD119;8;642452;6584798;Uironia;Laemund;Vov
Kahula;Kawal;LCD92;18;689715;6582268;Uironia;Alentagh;
Kaidmaa;Kaytamaelae;LCD93;22;700712;6567137;Uironia;Alentagh;
Kaemla;Keamol;LCD89;3;563703;6582135;;Repel;Jeeleth
Kestla;Kectaelae;LCD126;6;664315;6589712;Uironia;Askaelae;
Keila;Keikael;LCD124;10;524476;6574480;;Uomentakae;Keykel
Kärmu;Kermae;LCD183;6;619838;6590939;Uironia;Repel [Vir];Halelae
Kehra;Ketherae;LCD123;10;575810;6579955;;Repel;Jeeleth
Käbiküla;Kiaeppaekulae;LCD180;5;548054;6530734;Haeriae;;Haccriz
Käbiküla;Kiaeppaekylae;LCD181;23;527342;6549819;Haeriae;;Haccriz
Kiarkiuer;Kiarkiuer;LCD368;2;542429;6543907;Haeriae;;Haccriz
Kärpla;Kiarpalae;LCD184;8;548909;6527332;Haeriae;;Haccriz
Kiku;Kicko;LCD132;8;619386;6574071;Uironia;Repel [Vir];Toruestaeuaerae
Kiia;Kienkylae;LCD129;12;528492;6580638;;Uomentakae;Keykel
Kiikla;Kikalae;LCD130;5;684448;6576032;Uironia;Alentagh;
Keoküla;Kipunkaelae;LCD125;3;542192;6528870;Haeriae;;Haccriz
Vanamõisa;Kircotaen;LCD431;12;531098;6577109;;Uomentakae;Keykel
Kirivalla;Kiriawold;LCD135;15;563650;6554811;Haeriae;;Kolkis
Kirimäe;Kiriollae maec;LCD134;6;564275;6558353;Haeriae;;Kolkis
Vardi;Kiriuaer;LCD438;7;526087;6545106;Haeriae;;Haccriz
Kurtna;Kirtanaos;LCD168;7;700230;6575638;Uironia;Alentagh;
Kisuvere;Kiskeuerae;LCD136;8;629861;6588840;Uironia;Repel [Vir];Halelae
Kiiu;Kithae;LCD131;30;578599;6590770;;Repel;Kusala
Kiviloo;Kiulo;LCD137;16;572389;6572835;Haeriae;;Kolkis
Kihmla;Kiumbala;LCD128;5;571752;6580965;;Repel;Jeeleth
Koila;Kogael;LCD151;10;566588;6590669;;Repel;Jeeleth
Koila;Kogelae;LCD149;12;637277;6534557;Uironia;Lemmun;Katcaekylae
Kõlu;Kohoy;LCD174;15;576558;6582237;;Repel;Jeeleth
Koigi;Koic;LCD148;10;543732;6548274;Haeriae;;Haccriz
Kohila;Koil, Koylae;LCD146;24;542938;6559743;Haeriae;;Haccriz
Koila;Kokael;LCD150;40;654758;6595054;Uironia;Maum;Maum
Kõljala;Kolgael;LCD173;3;666873;6586881;Uironia;Alentagh;
Kõnnaste;Kondos;LCD265;40;619523;6583732;Uironia;Repel [Vir];Toruestaeuaerae
Kõrma;Korpywomais;LCD177;4;651958;6578209;Uironia;Maum;Maum
Proosa;Koskil;LCD300;4;552925;6588960;;Repel;Jeeleth
Kostivere;Kostaeuerae;LCD155;6;562275;6588151;;Repel;Jeeleth
Kodja;Koti;LCD140;11;535570;6552966;Haeriae;;Haccriz
Kodila;Kotial;LCD139;4;538591;6544754;Haeriae;;Haccriz
Valtu;Kotoaassen;LCD428;4;548762;6538163;Haeriae;;Haccriz
Koduvere;Kottewaerae;LCD141;6;621461;6597019;Uironia;Repel [Vir];Halelae
Kõue;Koy;LCD179;19;571078;6550319;Haeriae;;Kolkis
Kohatu;Kuaet;LCD145;10;529841;6558157;Haeriae;;Haccriz
Kukruse;Kuckarus;LCD157;7;690953;6587977;Uironia;Alentagh;
Kulenga;Kuldenkava;LCD158;2;629652;6565857;Uironia;Laemund;Vov
Kullamägi;Kullawa;LCD159;8;591938;6595362;;Repel;Kusala
Kurena;Kurkenoy;LCD165;4;562763;6560388;Haeriae;;Kolkis
Kurevere;Kurkeuerae;LCD166;2;547568;6568225;;Ocrielae;Waskael
Kuusalu;Kusala;LCD171;25;581502;6590568;;Repel;Kusala
Kutsala;Kuscaelae;LCD170;12;648288;6596907;Uironia;Maum;Maum
Kustja;Kustizae;LCD169;17;526492;6552419;Haeriae;;Haccriz
Kohala;Kwalae;LCD143;26;642282;6587045;Uironia;Maum;Maum
Kihlevere;Kyllaeuaerae;LCD127;5;620829;6584327;Uironia;Repel [Vir];Toruestaeuaerae
Kõmmaste;Kyminaestkylae;LCD175;3;502492;6564438;;Uomentakae;Keykel
Rabivere;Kyuizael;LCD317;15;539504;6551722;Haeriae;;Haccriz
Lellepere;Laelleuer;LCD201;5;546821;6528526;Haeriae;;Haccriz
Lümandu;Laemaeth;LCD216;10;533346;6559014;Haeriae;;Haccriz
Pällu;Laemestaekilae;LCD310;5;526587;6567016;;Uomentakae;Keykel
Levala;Laeuel;LCD204;6;630272;6572346;Uironia;Repel [Vir];Halelae
Laitse;Laidus;LCD190;14;523197;6562473;;Uomentakae;Keykel
Laoküla;Laiduscae;LCD194;18;507237;6576401;;Uomentakae;Keykel
Lagedi;Lakethae;LCD189;23;553839;6585221;;Ocrielae;Waskael
Lante;Lanthi;LCD193;7;622983;6582404;Uironia;Repel [Vir];Toruestaeuaerae
Lehtse;Lateis;LCD200;4;548568;6573176;;Ocrielae;Waskael
Vilama;Laucotaux;LCD455;2;573607;6562284;Haeriae;;Kolkis
Lehola;Lehol;LCD199;7;518504;6572669;;Uomentakae;Keykel
Lihu;Leiusi;LCD206;2;560955;6535392;Haeriae;;Juriz
Lehmja;Lemethel;LCD197;15;550242;6580223;;Ocrielae;Waskael
Lehmja;Lemethos;LCD198;20;531004;6578805;;Uomentakae;Keykel
Lendermaa;Lendaelemet;LCD202;4;571358;6564848;Haeriae;;Kolkis
Libadu;Lepat;LCD205;8;546567;6538746;Haeriae;;Haccriz
Lasinurme;Lestaenormae;LCD195;17;633346;6536244;Uironia;Lemmun;Katcaekylae
Lehetu;Leuetae;LCD196;4;515059;6546384;;Uomentakae;Keykel
Lõiuse;Leus;LCD214;13;550512;6553985;Haeriae;;Juriz
Liiguste;Ligaelae;LCD207;12;619143;6592275;Uironia;Repel [Vir];Halelae
Rootsi-Kallavere (Lillevere);Lillaeuerae;LCD342;9;558336;6595192;;Repel;Jeeleth
Limmu;Limbus;LCD209;4;555651;6579410;;Ocrielae;Waskael
Lepna;Lippanal;LCD203;30;631666;6578044;Uironia;Repel [Vir];Halelae
Liikva;Liqua;LCD208;7;523705;6587909;;Uomentakae;Keykel
Linnaaluste;Litnanas;LCD210;14;554565;6534162;Haeriae;;Haccriz
Lipa;Liuas;LCD211;7;540990;6529823;Haeriae;;Haccriz
Lohu;Loal;LCD212;27;544895;6555255;Haeriae;;Haccriz
Loobu;Lopae;LCD213;8;610547;6592182;Uironia;Repel [Vir];Toruestaeuaerae
Lüganuse;Lygenus;LCD215;45;672760;6586291;Uironia;Askaelae;
Ravila;Maechius;LCD334;8;569842;6561307;Haeriae;;Kolkis
Määra;Maegaer;LCD245;4;505386;6563603;;Uomentakae;Keykel
Maidla;Mahethae;LCD226;9;551456;6546276;Haeriae;;Juriz
Maheda;Maidalae;LCD222;18;628918;6591031;Uironia;Repel [Vir];Halelae
Maeru;Mairusa;LCD221;4;515639;6569326;;Uomentakae;Keykel
Maljavere;Maleiafer;LCD227;7;565120;6570424;;Repel;Jeeleth
Malla;Mallula;LCD228;5;646654;6598742;Uironia;Maum;Maum
Mõnnuste;Mandaes;LCD241;4;524278;6555066;Haeriae;;Haccriz
Maardu;Martaekilae;LCD218;12;557820;6588420;;Repel;Jeeleth
Mahtra;Mataros;LCD223;3;558207;6549678;Haeriae;;Juriz
Madila;Mathielae;LCD219;5;517196;6551001;;Uomentakae;Keykel
Lambasaba;Mauris;LCD192;6;643306;6587470;Uironia;Maum;Maum
Maidla;Maydalae;LCD225;10;671363;6581549;Uironia;Askaelae;
Mäetaguse;Meintacus;LCD243;11;687102;6570494;Uironia;Alentagh;
Mäe;Mekius;LCD230;3;548379;6555307;Haeriae;;Juriz
Mäoküla;Mekius;LCD244;20;618814;6578822;Uironia;Repel [Vir];Toruestaeuaerae
Melanculae;Melanculae;LCD231;4;506528;6564642;;Uomentakae;Keykel
;Mellaes;LCD494;;;;Uironia;Repel [Vir];Halelae
Mädapea;Metapae;LCD242;5;628135;6577726;Uironia;Repel [Vir];Halelae
Mehidi;Methias;LCD229;4;670645;6574704;Uironia;Askaelae;
Miila;Milola;LCD233;16;652716;6579629;Uironia;Maum;Maum
Mõdriku;Modrigas;LCD237;30;639663;6576567;Uironia;Laemund;Vov
Mõigu;Moikae;LCD238;5;545502;6582925;;Ocrielae;Waskael
Mõisaküla;Moises;LCD240;16;549193;6576305;;Ocrielae;Waskael
Moldova;Muldillippae;LCD234;4;675494;6591610;Uironia;Askaelae;
Mustla;Mustaen;LCD235;5;582376;6547440;Haeriae;;Kolkis
Mustu;Mustuth;LCD236;3;522094;6551174;;Uomentakae;Keykel
Nahkjala;Nakael;LCD249;18;518465;6569900;;Uomentakae;Keykel
Nagala;Nakalae;LCD248;7;618851;6579921;Uironia;Repel [Vir];Toruestaeuaerae
Nabala;Napalae;LCD246;14;549894;6570936;;Ocrielae;Waskael
Narva;Narvia;LCD250;8;739094;6588818;Uironia;Alentagh;
Nadalama;Natamol;LCD247;5;551201;6529764;Haeriae;;Haccriz
Nehatu;Nigattae;LCD252;7;552205;6589590;;Repel;Jeeleth
Nissi;Nissae;LCD253;2;517736;6551734;;Uomentakae;Keykel
Nurme;Normius;LCD255;3;519233;6548546;;Uomentakae;Keykel
Nugeri;Nucrae;LCD254;3;650532;6593265;Uironia;Maum;Maum
Mahtraküla;Oal;LCD224;5;557952;6552062;Haeriae;;Juriz
Obja;Obias;LCD256;20;649948;6563477;Uironia;Laemund;Vov
Uhtna;Octinus;LCD411;12;645825;6586887;Uironia;Maum;Maum
Kohtla;Odris;LCD147;18;681821;6583986;Uironia;Alentagh;
Ojaküla;Oeas;LCD264;14;640976;6596427;Uironia;Maum;Maum
Sompa;Oia;LCD373;15;688763;6585084;Uironia;Alentagh;
Oela;Oiel;LCD258;8;539553;6546111;Haeriae;;Haccriz
Oru;Orgiol;LCD270;15;534914;6555008;Haeriae;;Haccriz
Oru;Orkae;LCD269;5;556462;6561615;Haeriae;;Kolkis
Ohakvere;Othaccauerae;LCD259;6;697088;6570789;Uironia;Alentagh;
Ohepalu;Othaenpan;LCD262;50;611494;6580638;Uironia;Repel [Vir];Toruestaeuaerae
Ohekotsu;Othencotaes;LCD261;14;532823;6541021;Haeriae;;Haccriz
Ohekatku;Othengat;LCD260;1;554198;6530242;Haeriae;;Haccriz
Vohnja;Ouhut;LCD462;20;616060;6583655;Uironia;Repel [Vir];Toruestaeuaerae
Pagari;Paccari;LCD280;5;692820;6573900;Uironia;Alentagh;
Pada;Padagas;LCD275;40;655600;6591682;Uironia;Maum;Maum
Pehka;Paegkaelae;LCD294;31;632922;6597119;Uironia;Repel [Vir];Halelae
Kloodi;Paeitis;LCD138;30;629573;6585077;Uironia;Repel [Vir];Halelae
Pajaka;Paihak;LCD281;6;524180;6548370;Haeriae;;Haccriz
Pajupea;Paiumpe;LCD282;9;555012;6580859;;Ocrielae;Waskael
Päri;Paiunalus;LCD311;20;621152;6579401;Uironia;Repel [Vir];Toruestaeuaerae
Paekna;Pakikanal;LCD277;5;547480;6570761;;Ocrielae;Waskael
Palamulla;Palamala;LCD284;5;537482;6542143;Haeriae;;Haccriz
Pala;Palas;LCD283;1;574338;6548375;Haeriae;;Kolkis
Paluküla;Palikyl;LCD285;5;559582;6530309;Haeriae;;Juriz
Palvere;Paltauere;LCD286;6;571965;6563898;Haeriae;;Kolkis
Tammiku;Pamicus;LCD391;2;652484;6563678;Uironia;Laemund;Vov
Paunküla;Pankyl;LCD291;5;575845;6556761;Haeriae;;Kolkis
Parasmäe;Parenbychi;LCD287;17;563858;6586719;;Repel;Jeeleth
Parila;Pariol;LCD288;3;571135;6579318;;Repel;Jeeleth
Paela;Pasae;LCD279;12;552011;6541087;Haeriae;;Juriz
Pasies;Pasies;LCD289;6;559839;6593580;;Repel;Jeeleth
Paate;Pategas;LCD273;4;689812;6589682;Uironia;Alentagh;
Paatna;Patenal;LCD274;18;630260;6583250;Uironia;Repel [Vir];Halelae
Paeküla;Pathes;LCD278;14;500641;6563288;;Uomentakae;Keykel
Patika;Patrickae;LCD290;5;553488;6575381;;Ocrielae;Waskael
Padiküla;Pattas;LCD276;6;547728;6574165;;Ocrielae;Waskael
Paydola;Paydola;LCD292;23;642193;6598040;Uironia;Maum;Maum
Koogu;Paymol;LCD153;12;658890;6591975;Uironia;Maum;Maum
Paasvere;Paysseuerae;LCD272;23;652204;6550918;Uironia;Lemmun;Katcaekylae
Perila;Periel;LCD295;10;566782;6574086;;Repel;Jeeleth
Pääsküla;Peskulae;LCD312;20;535513;6579034;;Uomentakae;Keykel
Pühatu;Piatae;LCD314;4;530027;6533059;Haeriae;;Haccriz
Pikva;Pickuta;LCD297;9;578311;6572367;Haeriae;;Kolkis
Pikavere;Pikaeuaekae;LCD296;8;564754;6571636;;Repel;Jeeleth
Pirsu;Pirso;LCD298;13;576303;6581647;;Repel;Jeeleth
Pühajõe;Pododt;LCD313;6;700898;6591338;Uironia;Alentagh;
Põdruse;Podrijs;LCD307;26;633184;6589143;Uironia;Repel [Vir];Halelae
Põllula;Pollula;LCD308;26;649365;6578037;Uironia;Laemund;Vov
Puru;Poro;LCD306;25;693433;6581020;Uironia;Alentagh;
Pous;Pous;LCD299;10;508275;6565463;;Uomentakae;Keykel
;Pous;LCD488;10;;;;Uomentakae;Keykel
Puiatu;Pugiotae;LCD301;;559357;6581865;;Ocrielae;Waskael
Purku;Purculi;LCD304;10;545448;6526418;Haeriae;;Haccriz
Purtse;Purdus, Purdis;LCD305;32;670114;6589698;Uironia;Askaelae;
Purila;Purilo;LCD303;6;547682;6549794;Haeriae;;Juriz
Peeri;Pyari;LCD293;4;687767;6586736;Uironia;Alentagh;
Pühali;Pyol;LCD485;;533949;6554664;Haeriae;;Haccriz
Kurna;Queronoiae;LCD167;10;547908;6578097;;Ocrielae;Waskael
Kuimetsa;Quiuames;LCD156;10;564128;6545746;Haeriae;;Juriz
Rägavere;Rackeuerae;LCD346;6;641708;6578961;Uironia;Laemund;Vov
Rakvere;Raekaevaer;LCD324;6;539490;6530910;Haeriae;;Haccriz
Reomäe;Raesaemaekae;LCD337;2;528487;6567932;;Uomentakae;Keykel
Ratva;Ragwas;LCD329;6;684836;6573478;Uironia;Alentagh;
Paasküla;Rai;LCD271;12;638346;6595577;Uironia;Maum;Maum
Raikküla;Raiklaep;LCD322;5;543572;6533137;Haeriae;;Haccriz
Raka;Rakal;LCD323;8;539500;6546834;Haeriae;;Haccriz
Rahkla;Rakela;LCD319;12;647124;6582642;Uironia;Maum;Maum
Rannuküla;Randu;LCD325;12;662028;6592415;Uironia;Maum;Maum
Rapla;Rapal;LCD326;8;545682;6541250;Haeriae;;Haccriz
Rasivere;Rasiuerae;LCD327;10;576427;6564486;Haeriae;;Kolkis
Sookaera;Ratho;LCD377;6;545760;6570699;;Ocrielae;Waskael
Raudlepa;Rauculeppi;LCD330;10;641250;6581093;Uironia;Laemund;Vov
Raudna;Raudanal;LCD331;20;656322;6592865;Uironia;Maum;Maum
Ravila;Rauelik;LCD335;18;571067;6560655;Haeriae;;Kolkis
Raudvere;Raulaeuaerae;LCD332;18;641628;6583414;Uironia;Laemund;Vov
Rausvere;Rausauerae;LCD333;6;699027;6578726;Uironia;Alentagh;
Rahula 1;Rauwal;LCD320;4;520168;6547880;;Uomentakae;Keykel
Rahula 2;Rauwalae;LCD321;11;532151;6573069;;Uomentakae;Keykel
Kämlu;Remmeuo;LCD182;5;557138;6561556;Haeriae;;Kolkis
Rebala;Reppel;LCD336;8;561692;6591883;;Repel;Jeeleth
Reuanal;Reuanal;LCD338;5;691608;6587311;Uironia;Alentagh;
Rooküla;Rocol;LCD341;6;574597;6570146;Haeriae;;Kolkis
Püssi;Rodickae;LCD315;5;672968;6585936;Uironia;Askaelae;
Roela;Roilae;LCD339;16;648718;6562162;Uironia;Laemund;Vov
;Ropae;LCD489;4;;;Haeriae;;Juriz
Viru-Jaagupi;Routhae;LCD489;10;641093;6569909;Uironia;Laemund;Vov
Ruila;Rughael;LCD343;15;525206;6561528;;Uomentakae;Keykel
Rummu;Rung;LCD344;5;574121;6590699;;Repel;Kusala
Ruu;Rutae;LCD345;8;568806;6591412;;Repel;Jeeleth
Saha;Saga;LCD350;12;556153;6588050;;Ocrielae;Waskael
Harju-Jaani;Saintakae;LCD316;43;567597;6582419;;Repel;Jeeleth
Salutaguse;Salandaus;LCD356;8;559387;6540784;Haeriae;;Juriz
Salla;Salda;LCD354;15;637108;6536827;Uironia;Lemmun;Katcaekylae
Salla;Salda;LCD355;8;618064;6573756;Uironia;Repel [Vir];Toruestaeuaerae
Salatse;Salunal;LCD352;14;622355;6595703;Uironia;Repel [Vir];Halelae
Sammu;Sambas;LCD358;10;568888;6584098;;Repel;Jeeleth
Samma;Samma;LCD357;6;652802;6588696;Uironia;Maum;Maum
Sõandu;Sandae;LCD382;11;536250;6549324;Haeriae;;Haccriz
Saarmuse;Sarmus;LCD347;5;549573;6553884;Haeriae;;Juriz
Saarne;Sarnae;LCD348;6;559060;6587964;;Repel;Jeeleth
Tüükri;Satael;LCD406;5;656139;6593576;Uironia;Maum;Maum
Sadala;Sataial;LCD349;5;551450;6553372;Haeriae;;Juriz
Saka;Satzae;LCD351;20;683246;6592289;Uironia;Alentagh;
Saula;Saul;LCD359;5;558900;6563198;Haeriae;;Kolkis
Savala;Saula;LCD362;13;671312;6579497;Uironia;Askaelae;
Saunja;Saunoy;LCD360;25;573890;6587745;;Repel;Jeeleth
Sausti;Sauthael;LCD361;5;544464;6574664;;Ocrielae;Waskael
Sõgula;Seculis;LCD383;7;550890;6570956;;Ocrielae;Waskael
Seli;Selkius;LCD363;3;547256;6551842;Haeriae;;Juriz
Selja;Sellaegael;LCD364;45;636362;6597605;Uironia;Repel [Vir];Halelae
Sõmeru;Semaer;LCD386;6;572929;6560429;Haeriae;;Kolkis
Sämi;Semis;LCD388;28;647698;6585685;Uironia;Maum;Maum
Igavere;Serriuerae;LCD62;5;561490;6577608;Haeriae;;Jeeleth
Sõrve;Serueuerae;LCD387;10;525461;6587773;;Uomentakae;Keykel
Sikeldi;Sicaleth;LCD367;9;542582;6543332;Haeriae;;Haccriz
Sigula;Sicutol;LCD366;22;589277;6590759;;Repel;Kusala
Selli;Silgele;LCD365;5;632416;6530288;Uironia;Lemmun;Katcaekylae
Silmsi;Silmel;LCD369;5;564951;6573848;;Repel;Jeeleth
Silmsi;Silmus;LCD370;5;575152;6553738;Haeriae;;Kolkis
Soodla;Socal;LCD376;10;575937;6584615;;Repel;Jeeleth
Saluse;Sochentakaes;LCD220;3;533374;6565354;;Uomentakae;Keykel
Laeste;Soka;LCD188;3;548070;6527139;Haeriae;;Haccriz
Soomukse;Somaecos;LCD378;8;613049;6590071;Uironia;Repel [Vir];Toruestaeuaerae
Sõmeru;Someres;LCD384;5;551624;6567511;;Ocrielae;Waskael
Sõmeru;Someruerae;LCD385;10;638550;6582785;Uironia;Repel [Vir];Halelae
Sooaluste;Sonalae;LCD375;7;546698;6530382;Haeriae;;Haccriz
Sooaluse;Sonaldae;LCD374;15;640653;6588434;Uironia;Maum;Maum
Soonurme;Sonorm;LCD379;1;668589;6578977;Uironia;Askaelae;
Siuge;Surti;LCD372;3;565221;6550271;Haeriae;;Juriz
Sootaga;Svandaus;LCD380;10;618200;6580532;Uironia;Repel [Vir];Toruestaeuaerae
Tõikvere;Taeukeuerae;LCD401;9;624114;6590828;Uironia;Repel [Vir];Halelae
Tamsi;Tamias;LCD392;6;562796;6548614;Haeriae;;Juriz
Suure-Tammiku;Tamicas;LCD381;21;634121;6541102;Uironia;Lemmun;Katcaekylae
Väike-Tammiku;Tamicas;LCD476;8;633120;6543073;Uironia;Lemmun;Katcaekylae
Tabara;Tapaiarhu;LCD389;2;513559;6551931;;Uomentakae;Keykel
Tabase;Tapawolkae;LCD48;2;563861;6559833;Haeriae;;Kolkis
Tarvamägi;Tarvameki;LCD393;2;528061;6575635;;Uomentakae;Keykel
Tatruse;Tatarais;LCD394;32;629036;6592058;Uironia;Repel [Vir];Halelae
Tõdva;Tedau;LCD482;15;541906;6570371;Haeriae;;Haccriz
Tänasilma;Tennesilmae;LCD405;3;537839;6577555;;Uomentakae;Keykel
Tõrma;Terma;LCD404;4;540113;6540878;Haeriae;;Haccriz
Tuhala;Tohal;LCD399;5;555323;6565531;Haeriae;;Kolkis
Tohisoo;Tois;LCD395;16;543884;6558038;Haeriae;;Haccriz
Tokolopi;Tokolep;LCD396;7;616822;6576572;Uironia;Repel [Vir];Toruestaeuaerae
Tolks;Tolkas;LCD144;20;643651;6589112;Uironia;Maum;Maum
Toomja;Tomias;LCD397;7;562344;6543148;Haeriae;;Juriz
Tõnuvere;Tonnaewaerae;LCD402;2;633254;6569375;Uironia;Laemund;Vov
Tõrma;Tormas;LCD403;70;632232;6577200;Uironia;Repel [Vir];Halelae
Kadrina;Torueastaeuaerae;LCD492;;621092;6580285;Uironia;Repel [Vir];Torueastaeuaerae
Torvascula;Torvascula;LCD81;3;687745;6590359;Uironia;Alentagh;
Tuula;Tulalae;LCD400;12;526057;6571125;;Uomentakae;Keykel
Tudu;Tydy;LCD398;10;663144;6563620;Uironia;Laemund;Vov
Varbola;Uarpal;LCD437;10;527693;6544301;Haeriae;;Haccriz
Vardja;Uauae;LCD439;1;569532;6560213;Haeriae;;Kolkis
Uuri;Ueri;LCD418;14;588470;6595687;;Repel;Kusala
Roela;Uettaerokae;LCD340;16;648260;6561361;Uironia;Laemund;Vov
Viimsi;Uianra;LCD454;7;547342;6596352;;Repel;Jeeleth
Veltsi;Uilsae;LCD451;20;628802;6586772;Uironia;Repel [Vir];Halelae
Vilumäe;Uilumaeki;LCD457;5;515939;6553289;;Uomentakae;Keykel
Võle;Ulkaenpet;LCD473;12;627130;6594148;Uironia;Repel [Vir];Halelae
;Unaes;LCD493;;;;Uironia;Repel [Vir];Halelae
Ontika;Undaegas;LCD266;5;687050;6593467;Uironia;Alentagh;
Undla;Undyl;LCD413;9;619889;6580802;Uironia;Repel [Vir];Toruestaeuaerae
Voore;Uorulae;LCD463;20;643614;6568160;Uironia;Laemund;Vov
Voorepere;Uorumperae;LCD464;8;677709;6589656;Uironia;Askaelae;
Veadla;Uvaetel;LCD450;5;633579;6566130;Uironia;Laemund;Vov
Väo;Uvaetho;LCD477;13;551727;6588922;;Ocrielae;Waskael
Valaste;Uvalat;LCD424;2;690932;6593562;Uironia;Alentagh;
Valkla;Uvalkal;LCD427;46;575724;6594405;;Repel;Kusala
Vandjala;Uvanghaelae;LCD432;8;560874;6589531;;Repel;Jeeleth
Vandu;Uvannae;LCD433;12;625299;6577982;Uironia;Repel [Vir];Toruestaeuaerae
Varangu;Uvarangalae;LCD436;32;632267;6595241;Uironia;Repel [Vir];Halelae
Varja;Uvarelae;LCD441;24;675934;6589137;Uironia;Askaelae;
Vasta;Uvaskaethae;LCD446;8;652552;6594385;Uironia;Maum;Maum
Vaiatu;Waeghattae;LCD422;5;613726;6583375;Uironia;Repel [Vir];Toruestaeuaerae
Võipere;Waeibigaerwa;LCD471;30;619989;6587559;Uironia;Repel [Vir];Halelae
Võerdla;Waerael;LCD467;7;560303;6591493;;Repel;Jeeleth
Lalli;Waeraeng;LCD191;1;558440;6527127;Haeriae;;Juriz
Võrkla;Waerkaelae;LCD474;15;652200;6591239;Uironia;Maum;Maum
Võrnu;Waerkun;LCD475;13;681956;6578069;Uironia;Alentagh;
Võivere;Waetheuerae;LCD472;4;554992;6561157;Haeriae;;Kolkis
Võduvere;Waettaeuaer;LCD466;8;621537;6578036;Uironia;Repel [Vir];Toruestaeuaerae
Võide;Waeudith;LCD470;9;686911;6573230;Uironia;Alentagh;
Vahnamaa;Wahanina;LCD421;7;515552;6549979;;Uomentakae;Keykel
Vaopere;Wahumperae;LCD435;4;566145;6547857;Haeriae;;Juriz
Vaela;Waiolae;LCD420;5;546654;6576997;;Ocrielae;Waskael
Vaeküla;Wakalae;LCD419;22;643058;6580682;Uironia;Laemund;Vov
Valgma;Walghamus;LCD425;2;623737;6575301;Uironia;Repel [Vir];Toruestaeuaerae
Vasavere;Walsaraevaerae;LCD444;8;700465;6578385;Uironia;Alentagh;
Varudi;Waradas;LCD442;45;650007;6590059;Uironia;Maum;Maum
Varese;Waret suto;LCD440;5;517829;6547309;;Uomentakae;Keykel
Vaida;Wartae;LCD423;15;555735;6572218;;Ocrielae;Waskael
Vatsla;Wasal;LCD449;5;527944;6584733;;Uomentakae;Keykel
Vastja;Waskilae;LCD447;2;550167;6523686;Haeriae;;Haccriz
Vatku;Wataekya;LCD448;20;602704;6601417;Uironia;Repel [Vir];Toruestaeuaerae
Ubina;Vbbianes;LCD408;9;561276;6571040;;Repel;Jeeleth
Ubja;Vbias;LCD409;23;638157;6588856;Uironia;Repel [Vir];Halelae
Võhma;Vemais;LCD468;12;645847;6583358;Uironia;Maum;Maum
Veri;Veri;LCD121;6;554672;6534973;Haeriae;;Haccriz
Villakvere;Viliacaueri;LCD456;6;637028;6530261;Uironia;Lemmun;Katcaekylae
Vihula;Viola;LCD486;;621529;6602314;Uironia;Repel [Vir];Halelae
Viruküla;Viraekilae;LCD460;3;512299;6550323;;Uomentakae;Keykel
Virla;Wircol;LCD459;3;572690;6547209;Haeriae;;Kolkis
Vinni;Vitni;LCD458;24;635946;6574906;Uironia;Laemund;Vov
Vankumäe;Vldalep;LCD434;2;530303;6570217;;Uomentakae;Keykel
Unukse;Vnox;LCD414;9;653827;6596420;Uironia;Maum;Maum
Oblu;Wopal;LCD257;5;563100;6546374;Haeriae;;Juriz
Oore;Wori;LCD267;2;554012;6527130;Haeriae;;Haccriz
Vasalemma;Wosilki;LCD443;12;515449;6566484;;Uomentakae;Keykel
Võhu;Vov;LCD469;20;646937;6568329;Uironia;Laemund;Vov
Urvaste;Vrwas;LCD415;5;562518;6570073;;Repel;Jeeleth
Uueküla;Vsikylae;LCD417;16;554492;6586853;;Ocrielae;Waskael
Udriku;Vtric;LCD410;12;617343;6574974;Uironia;Repel [Vir];Toruestaeuaerae
Valingu;Vvalaelinkae;LCD426;7;526876;6573915;;Uomentakae;Keykel
Vaskjala;Vvaskael;LCD445;21;553894;6580795;;Ocrielae;Waskael
Iila;Ydiala;LCD63;25;650065;6597818;Uironia;Maum;Maum
Utria;Ydrigas;LCD416;3;722660;6590374;Uironia;Alentagh;
Ürjaste;Yrias;LCD481;6;518328;6552538;;Uomentakae;Keykel
