modern_nam;LCD_name;ID;unci;N;E
Aa;Hazae;LCD1;13;6586723;509029
Aarla;Ardala;LCD2;8;6581462;478718
Aaspere;Katkantagus;LCD3;6;6587687;451178
Aasu;Itereuerae;LCD4;6;6586357;461011
Aavere;Hauaueerae;LCD5;8;6584981;401720
Aburi;Apur;LCD6;6;6560688;457696
Aeli;Aeilaes;LCD7;1;6543342;401569
Ahila;Athelic;LCD8;10;6583374;447140
Aidu;Aytis;LCD9;19;6576663;502839
Aigitse;Aekizae;LCD10;7;6550024;361529
Aila;Akiolae;LCD11;5;6575229;356937
Alantsi;Atanascae;LCD12;17;6555834;393651
Alavere;Alauerae;LCD13;12;6569046;404766
Alu;Alafae;LCD14;12;6545018;371697
Aluvere;Alouerae;LCD15;14;6582634;466954
Amma;Hama;LCD16;12;6588334;447489
Andja;Adnaeias;LCD17;6;6591241;469514
Angerja;Angaer;LCD18;25;6561894;377584
Anija;Hanaegus;LCD19;7;6584098;403419
Annikvere;Andikewaerae;LCD20;26;6594565;453866
Arangvere;Harandaeuaerae;LCD21;2;6546073;375829
Ardu;Harco;LCD22;3;6552852;406218
Aresi;Arissilae;LCD23;12;6587848;469565
Argoma;Artinas;LCD24;10;6578645;450592
Arkna;Arkenallae;LCD25;27;6584235;464353
Aruküla;Arhukylae;LCD26;5;6564842;348251
Assaku;Assuncauae;LCD27;4;6584741;377608
Assamalla;Asaemulae;LCD28;18;6566002;457958
Haeimestkilae;Haeimestkilae;LCD29;3;6574571;358093
Atla;Accola/Attola;LCD30;10;6547977;385535
Atsalama;Akimal;LCD31;9;6566949;520484
Hatuküla;Attol;LCD32;8;6566582;325043
Auküla;Haudis;LCD33;25;6585733;453690
Avanduse;Auendoys;LCD34;10;6545378;465185
Avispea;Auespae;LCD35;8;6553197;463772
Edise;Eteus;LCD36;5;6581689;521908
Edivere;Ettiauerae;LCD37;5;6568006;529832
Emumäe;Emomaekae;LCD38;10;6532897;463469
Erra;Heraes;LCD39;28;6581780;499405
Essu;Gesse;LCD40;6;6588419;464256
Hageri;Hakriz;LCD41;6;6560197;365745
Haiba;Howympae;LCD42;7;6557250;355329
Haljala;Halela;LCD43;14;6588527;458549
Haljava;Halenhabus;LCD44;8;6586017;397207
Harku;Harkua;LCD45;5;6585700;362405
Harmi;Hermae;LCD46;25;6554739;397081
Helda;Helmet;LCD47;7;6545397;381250
Tabase;Tapawolkae;LCD48;2;6560940;392402
Hiietse;Egentakaes;LCD49;5;6548253;352128
Hirla;Hyruelae;LCD50;12;6544558;462621
Hirmuse;Hermaes;LCD51;6;6576772;499511
Hirvli;Irmari;LCD52;8;6590522;417251
Hulja;Hullia;LCD53;50;6579932;455469
Humala;Humebo;LCD54;10;6583822;352618
Hõbeda;H?ppaethae;LCD55;12;6584482;446967
Hõreda;H?raetha;LCD56;9;6544521;380758
Härgla;Herkial;LCD57;10;6553372;379723
Härjapea;Hergaenpae;LCD58;3;6587398;489370
Härtu;Haermaeto;LCD59;10;6538876;378023
Hüüru;Hiurenkylae;LCD60;10;6585088;360279
Idavere;Honolius;LCD61;12;6588854;459672
Igavere;Serriuerae;LCD62;5;6578799;390831
Iila;Ydiala;LCD63;25;6595011;480191
Iira;Hirae;LCD64;13;6540913;369715
Inju;Inie;LCD65;9;6570128;463924
Iru;Hirwae;LCD66;7;6594184;381311
Jagumaa;Jacomeckae;LCD67;10;6583669;377129
Jalase;Iales;LCD68;14;6539141;363498
Joaküla;Jukal;LCD69;8;6592074;396853
Juuru;Juriz;LCD70;7;6548763;382740
Jõelähtme;Jeeleth;LCD71;14;6591392;393681
Jõetaguse;Egh?ntakae;LCD72;24;6577246;451605
Jõgisoo;Ekius;LCD73;12;6573429;357949
Jõhvi;Gevi;LCD74;20;6580351;523394
Jägala;Jakawoldal;LCD75;17;6588027;400028
Jälgimäe;Jalkemaetae;LCD76;11;6578306;363646
Järni;Jarwaen;LCD77;10;6572422;458122
Järsi;Jarvius;LCD78;15;6583453;389608
Järtu;Jaruios;LCD79;32;6570895;455230
Järve;Jeruius;LCD80;16;6585341;516968
Torvascula;Torvascula;LCD81;3;6585878;517484
Järveküla (+Heckelal);Jaergaekylae;LCD82;20;6586395;374687
Kaasiku;Casacu;LCD83;10;6556839;377288
Kabala;Cappala;LCD84;23;6579795;481666
Kabala;Capal;LCD85;30;6534865;364815
Kaberla;Gabriel;LCD86;14;6593775;400655
Kadiküla;Katinkylae;LCD87;3;6533751;465511
Kadja;Kathis;LCD88;4;6546229;397541
Kaemla;Keamol;LCD89;3;6583220;393245
Kaersoo;Kaeris;LCD90;8;6583603;399107
Kahala;Kaial;LCD91;21;6593446;416124
Kahula;Kawal;LCD92;18;6577711;519090
Kaidmaa;Kaytamaelae;LCD93;22;6562110;529396
Kaiu;Kaiu;LCD94;11;6543409;388509
Kaivere;Kaipiaverae;LCD95;6;6570059;402895
Kalamäe;Kalameki;LCD96;5;6594068;417538
Kalbu;Calablia;LCD97;5;6530027;377855
Kalesi;Kallis senkau;LCD98;6;6579987;392648
Kalina;Kaltanus;LCD99;10;6569835;519579
Kalliküla;Kaligalae;LCD100;10;6596457;468994
Kallukse;Kallax;LCD101;8;6581003;447072
Kalumatsu;Callumanae;LCD102;5;6570100;325153
Kangla;Kangelae;LCD104;5;6581692;388722
Kantküla;Kandukylae;LCD105;14;6573960;473531
Karila;Kariael;LCD106;20;6560451;477115
Karitse;Kariscae;LCD107;5;6542002;386142
Karjaküla;Carias;LCD108;5;6580817;351469
Karla;Karol;LCD109;14;6560558;392878
Karlaküla;Karowelae;LCD110;4;6582728;382057
Karnaküla;Carvanal;LCD111;6;6583014;357559
Karunga;Karungca;LCD113;5;6569537;457066
Kasu;Kazwold;LCD114;12;6563449;369425
Kasvandu;Kasawand;LCD115;8;6544541;387701
Kata;Katal;LCD116;12;6563476;383048
Katela;Katal;LCD117;18;6591067;466695
Katkutaga;Katkuntakuse;LCD119;8;6582350;472007
Kavastu;Capis cum Unaes et Mellaes;LCD120;27;6593170;451573
Veri;Veri;LCD121;6;6536521;382109
Kehala;Haelae;LCD122;40;6569067;469764
Kehra;Ketherae;LCD123;10;6580500;405238
Keila;Keikael;LCD124;10;6577338;353722
Keok?la;Kipunkaelae;LCD125;3;6530985;369370
Kestla;Kectaelae;LCD126;6;6586279;494059
Kihlevere;Kyllaeuaerae;LCD127;5;6582848;450393
Kihmla;Kiumbala;LCD128;5;6581691;401231
Kiia;Kienkylae;LCD129;12;6583308;358010
Kiikla;Kikalae;LCD130;5;6571719;513552
Kiiu;Kithae;LCD131;30;6591176;408509
Kiku;Kicko;LCD132;8;6572670;448493
Kirimäe;Kiriollae maec;LCD134;6;6559442;392749
Kirivalla;Kiriawold;LCD135;15;6555934;391965
Kisuvere;Kiskeuerae;LCD136;8;6586950;459614
Kiviloo;Kiulo;LCD137;16;6573542;401502
Kloodi;Paeitis;LCD138;30;6583205;459158
Kodila;Kotial;LCD139;4;6547012;366485
Kodja;Koti;LCD140;11;6555350;363836
Koduvere;Kottewaerae;LCD141;6;6595493;451593
Koeravere;Corauerae;LCD142;8;6568166;463747
Kohala;Kwalae;LCD143;26;6584602;471938
Tolks;Tolkas;LCD144;20;6586605;473397
Kohatu;Kuaet;LCD145;10;6560792;358346
Kohila;Koil, Koylae;LCD146;24;6561789;371500
Kohtla;Odris;LCD147;18;6579779;511284
Koigi;Koic;LCD148;10;6550297;371779
Koila;Kogelae;LCD149;12;6532409;464591
Koila;Kokael;LCD150;40;6592041;484755
Koila;Kogael;LCD151;10;6591614;396509
Koogu;Paymol;LCD153;12;6588781;488743
Kose;Cosius;LCD154;9;6562398;395344
Kostivere;Kostaeuerae;LCD155;6;6589294;392088
Kuimetsa;Quiuames;LCD156;10;6546858;392037
Kukruse;Kuckarus;LCD157;7;6583357;520581
Kulenga;Kuldenkava;LCD158;2;6564008;458377
Kullamägi;Kullawa;LCD159;8;6595163;422036
Kulna;Guldan;LCD160;20;6576109;348735
Kumma;Compayas;LCD161;10;6536513;375348
Engla;Engael;LCD162;10;6580200;354298
Kunda;Gundas;LCD163;15;6594216;473444
Kupna;Cupanal;LCD164;18;6568065;470312
Kurena;Kurkenoy;LCD165;4;6561543;391330
Kurevere;Kurkeuerae;LCD166;2;6570052;376505
Kurna;Queronoiae;LCD167;10;6579897;377288
Kurtna;Kirtanaos;LCD168;7;6570621;529295
Kustja;Kustizae;LCD169;17;6555211;354744
Kutsala;Kuscaelae;LCD170;12;6594181;478377
Kuusalu;Kusala;LCD171;25;6590844;411399
Kõldu;Hiltae;LCD172;24;6591212;451187
Kõljala;Kolgael;LCD173;3;6583338;496487
Kõlu;K?hoy;LCD174;15;6582746;406088
Kõmmaste;Kyminaestkylae;LCD175;3;6568295;331309
Kõrgu;Karku;LCD176;9;6543378;368694
Kõrma;Korpywomais;LCD177;4;6575345;481205
Kõrveküla;Corpius;LCD178;20;6581449;441958
Kõue;K?y;LCD179;19;6551113;399183
Käbiküla;Kiaeppaekulae;LCD180;5;6532584;375309
Käbiküla;Kiaeppaekylae;LCD181;23;6552576;355477
Kämlu;Remmeuo;LCD182;5;6562962;385765
Kärmu;Kermae;LCD183;6;6589495;449700
Kärpla;Kiarpalae;LCD184;8;6529147;376011
Kärsa;Kaersaelae;LCD185;2;6546945;459330
Kärsa;Kaersae;LCD186;2;6588904;387307
Laanemõisa;Jagenael;LCD187;20;6580079;457259
Laeste;Soka;LCD188;3;6528992;375164
Lagedi;Lakethae;LCD189;23;6586746;383532
Laitse;Laidus;LCD190;14;6565402;351904
Lalli;Waeraeng;LCD191;1;6528515;385521
Lambasaba;Mauris;LCD192;6;6584980;472979
Lante;Lanthi;LCD193;7;6580831;452458
Laoküla;Laiduscae;LCD194;18;6580032;336587
Lasinurme;Lestaenormae;LCD195;17;6534269;460741
Lehetu;Leuetae;LCD196;4;6549696;343052
Lehmja;Lemethel;LCD197;15;6581916;379715
Lehmja;Lemethos;LCD198;20;6581364;360436
Lehola;Lehol;LCD199;7;6575797;347675
Lehtse;Lateis;LCD200;4;6574953;377726
Lellepere;Laelleuer;LCD201;5;6530434;373979
Lendermaa;Lendaelemet;LCD202;4;6565612;400114
Lepna;Lippanal;LCD203;30;6576088;460933
Levala;Laeuel;LCD204;6;6570460;459286
Libadu;Lepat;LCD205;8;6540653;374183
Lihu;Leiusi;LCD206;2;6536658;388403
Liiguste;Ligaelae;LCD207;12;6590860;449065
Liikva;Liqua;LCD208;7;6590786;353555
Limmu;Limbus;LCD209;4;6580861;385080
Linnaaluste;Litnanas;LCD210;14;6535716;381967
Lipa;Liuas;LCD211;7;6531990;368213
Lohu;Loal;LCD212;27;6557217;373253
Loobu;Lopae;LCD213;8;6591153;440477
Lõiuse;Leus;LCD214;13;6555698;378806
Lüganuse;Lygenus;LCD215;45;6582485;502338
Lümandu;Laemaeth;LCD216;10;6561491;361886
Maa-Kallavere;Kallaeuaer?;LCD217;15;6593073;389223
Maardu;Martaekilae;LCD218;12;6589762;387652
Madila;Mathielae;LCD219;5;6554211;345394
Saluse;Sochentakaes;LCD220;3;6567823;362199
Maeru;Mairusa;LCD221;4;6572587;344662
Maheda;Maidalae;LCD222;18;6589180;458771
Mahtra;Mataros;LCD223;3;6551051;386299
Mahtraküla;Oal;LCD224;5;6553443;386152
Maidla;Maydalae;LCD225;10;6577812;500731
Maidla;Mahethae;LCD226;9;6547955;379403
Maljavere;Maleiafer;LCD227;7;6571461;394134
Malla;Mallula;LCD228;5;6596086;476827
Mehidi;Methias;LCD229;4;6571009;499709
Mäe;Mekius;LCD230;3;6557114;376735
Melanculae;Melanculae;LCD231;4;6568318;335350
Miila;Milola;LCD233;16;6576729;482025
Moldova;Muldillippae;LCD234;4;6587675;505307
Mustla;Mustaen;LCD235;5;6547732;410338
Mustu;Mustuth;LCD236;3;6554165;350294
Mõdriku;Modrigas;LCD237;30;6574255;468853
Mõigu;M?ikae;LCD238;5;6584828;375102
Mõisaaseme;Coriakiuae;LCD239;6;6565258;407000
Mõisaküla;Moises;LCD240;16;6578050;378491
Mõnnuste;Mandaes;LCD241;4;6557954;352651
Mädapea;Metapae;LCD242;5;6575929;457393
Mäetaguse;Meintacus;LCD243;11;6566070;515955
Mäoküla;Mekius;LCD244;20;6577440;448134
Määra;Maegaer;LCD245;4;6567331;334163
Nabala;Napalae;LCD246;14;6572655;378950
Nadalama;Natamol;LCD247;5;6531474;378409
Nagala;Nakalae;LCD248;7;6578536;448220
Nahkjala;Nakael;LCD249;18;6573034;347511
Narva;Narvia;LCD250;8;6582049;568694
Neeruti;Coskius;LCD251;5;6575166;452057
Nehatu;Nigattae;LCD252;7;6591183;382096
Nissi;Nissae;LCD253;2;6554920;345966
Nugeri;Nucrae;LCD254;3;6590443;480454
Nurme;Normius;LCD255;3;6551668;347318
Obja;Obias;LCD256;20;6560723;478539
Oblu;Wopal;LCD257;5;6547531;391038
Oela;Oiel;LCD258;8;6548324;367507
Ohakvere;Othaccauerae;LCD259;6;6565919;525940
Ohekatku;Othengat;LCD260;1;6531817;381424
Ohekotsu;Othencotaes;LCD261;14;6543542;360556
Ohepalu;Othaenpan;LCD262;50;6579582;440905
Ohtu;Heukael;LCD263;20;6573062;350240
Ojaküla;Oeas;LCD264;14;6594029;471053
Kõnnaste;Kondos;LCD265;40;6582312;449062
Ontika;Undaegas;LCD266;5;6589014;516930
Oore;Wori;LCD267;2;6528717;381099
Oraniku;_rauangaes;LCD268;4;6539534;391753
Oru;Orkae;LCD269;5;6563051;385091
Oru;Orgiol cum Pyol;LCD270;15;6557419;363272
Paasküla;Rai;LCD271;12;6593298;468389
Paasvere;Paysseuerae;LCD272;23;6548081;480230
Paate;Pategas;LCD273;4;6585110;519519
Paatna;Patenal;LCD274;18;6581350;459762
Pada;Padagas;LCD275;40;6588226;484074
Padiküla;Pattas;LCD276;6;6575978;376931
Paekna;Pakikanal;LCD277;5;6572589;376531
Paeküla;Pathes;LCD278;14;6567230;329409
Paela;Pasae;LCD279;12;6542747;379725
Pagari;Paccari;LCD280;5;6569216;521818
Pajaka;Paihak;LCD281;6;6551270;352252
Pajupea;Paiumpe;LCD282;9;6582337;384507
Pala;Palas;LCD283;1;6549026;402352
Palamulla;Palamala;LCD284;5;6544454;365260
Paluküla;Palikyl;LCD285;5;6531643;386805
Palvere;Paltauere;LCD286;6;6564636;400677
Parasmäe;Parenbychi;LCD287;17;6587792;393605
Parila;Pariol;LCD288;3;6580073;400541
Pasies;Pasies;LCD289;6;6594824;389900
Patika;Patrickae;LCD290;5;6576934;382740
Paunküla;Pankyl;LCD291;5;6557334;404233
Paydola;Paydola;LCD292;23;6595585;472340
Peeri;Pyari;LCD293;4;6582259;517345
Pehka;Paegkaelae;LCD294;31;6595081;463042
Perila;Periel;LCD295;10;6575044;395958
Pikavere;Pikaeuaekae;LCD296;8;6572688;393823
Pikva;Pickuta;LCD297;9;6572810;407396
Pirsu;Pirso;LCD298;13;6582168;405806
Pous;Pous;LCD299;10;6569059;337132
Proosa;Koskil;LCD300;4;6590522;382787
Puiatu;Pugiotae;LCD301;20;6583146;388892
Purila;Hanaras;LCD302;5;6550717;377925
Purila;Purilo;LCD303;6;6551638;375792
Purku;Purculi;LCD304;10;6528389;372512
Purtse;Purdus, Purdis;LCD305;32;6586006;499849
Puru;Poro;LCD306;25;6576298;522747
Põdruse;Podrijs;LCD307;26;6587103;462946
Põllula;Pollula;LCD308;26;6575289;478608
Pälli;Hyraenkulae;LCD309;2;6568902;338126
Pällu;Laemestaekilae;LCD310;5;6569788;355495
Päri;Paiunalus;LCD311;20;6577914;450494
Pääsküla;Peskulae;LCD312;20;6581390;364950
Pühajõe;Pododt;LCD313;6;6586269;530662
Pühatu;Piatae;LCD314;4;6535714;357407
Püssi;Rodickae;LCD315;5;6582122;502531
Harju-Jaani;Saintakae;LCD316;43;6583329;397147
Rabivere;Kyuizael;LCD317;15;6553931;367710
Rae;Houonurmae;LCD318;5;6585018;379401
Rahkla;Rakela;LCD319;12;6579988;476576
Rahula 1;Rauwal;LCD320;4;6550961;348223
Rahula 2;Rauwalae;LCD321;11;6575583;361323
Raikküla;Raiklaep;LCD322;5;6535185;370940
Raka;Rakal;LCD323;8;6549049;367486
Rakvere;Raekaevaer;LCD324;6;6533143;366762
Rannuküla;Randu;LCD325;12;6589081;491895
Rapla;Rapal;LCD326;8;6543194;373411
Rasivere;Rasiuerae;LCD327;10;6565023;405160
Rasivere;Kassiuerae;LCD328;7;6592297;451841
Ratva;Ragwas;LCD329;6;6569151;513826
Raudlepa;Rauculeppi;LCD330;10;6578704;470640
Raudna;Raudanal;LCD331;20;6589786;486218
Raudvere;Raulaeuaerae;LCD332;18;6581005;471122
Rausvere;Rausauerae;LCD333;6;6573758;528231
Ravila;Maechius;LCD334;8;6562144;398442
Ravila;Rauelik;LCD335;18;6561438;399636
Rebala;Reppel;LCD336;8;6593047;391675
Reomäe;Raesaemaekae;LCD337;2;6570617;357433
Reuanal;Reuanal;LCD338;5;6582662;521206
Roela;Roilae;LCD339;16;6559465;477251
Roela;Uettaerokae;LCD340;16;6558685;476758
Rooküla;Rocol;LCD341;6;6570758;403587
Rootsi-Kallavere (Lillevere);Lillaeuerae;LCD342;9;6596502;388471
Ruila;Rughael;LCD343;15;6564368;353868
Rummu;Rung;LCD344;5;6591306;404034
Ruu;Rutae;LCD345;8;6592256;398758
Rägavere;Rackeuerae;LCD346;6;6576554;471003
Saarmuse;Sarmus;LCD347;5;6555638;377864
Saarne;Sarnae;LCD348;6;6589251;388869
Sadala;Sataial;LCD349;5;6555043;379716
Saha;Saga;LCD350;12;6589467;385970
Saka;Satzae;LCD351;20;6588007;513078
Salatse;Salunal;LCD352;14;6594140;452426
Kaegynurmi;Kaegynurmi;LCD353;12;6537074;463530
Salla;Salda;LCD354;15;6534683;464524
Salla;Salda;LCD355;8;6572415;447159
Salutaguse;Salandaus;LCD356;8;6542114;387079
Samma;Samma;LCD357;6;6585779;482517
Sammu;Sambas;LCD358;10;6584948;398511
Saula;Saul;LCD359;5;6564523;387598
Saunja;Saunoy;LCD360;25;6588366;403670
Sausti;Sauthael;LCD361;5;6576624;373694
Savala;Saula;LCD362;13;6575766;500589
Seli;Selkius;LCD363;3;6553703;375458
Selja;Sellaegael;LCD364;45;6595411;466499
Selli;Silgele;LCD365;5;6528363;459546
Sigula;Sicutol;LCD366;22;6590685;419173
Sikeldi;Sicaleth;LCD367;9;6545413;370408
Kiarkiuer;Kiarkiuer;LCD368;2;6545994;370281
Silmsi;Silmel;LCD369;5;6574888;394119
Silmsi;Silmus;LCD370;5;6554346;403405
Sirgala;Cirpae;LCD371;1;6576751;544202
Siuge;Surti;LCD372;3;6551328;393332
Sompa;Oia;LCD373;15;6580566;518266
Sooaluse;Sonaldae;LCD374;15;6586062;470373
Sooaluste;Sonalae;LCD375;7;6532293;373938
Soodla;Socal;LCD376;10;6585148;405574
Sookaera;Ratho;LCD377;6;6572605;374811
Soomukse;Somaecos;LCD378;8;6588932;442881
Soonurme;Sonorm;LCD379;1;6575368;497847
Sootaga;Svandaus;LCD380;10;6579176;447598
Suure-Tammiku;Tamicas;LCD381;21;6539087;461732
Sõandu;Sandae;LCD382;11;6551681;364352
Sõgula;Seculis;LCD383;7;6572631;379946
Sõmeru;Someres;LCD384;5;6569157;380524
Sõmeru;Someruerae;LCD385;10;6580515;468020
Sõmeru;Semaer;LCD386;6;6561128;401485
Sõrve;Serueuerae;LCD387;10;6590571;355303
Sämi;Semis;LCD388;28;6583001;477285
Tabara;Tapaiarhu;LCD389;2;6555304;341803
Tammiku;Damicas;LCD390;9;6577493;521684
Tammiku;Pamicus;LCD391;2;6560811;481080
Tamsi;Tamias;LCD392;6;6549782;390835
Tarvamägi;Tarvameki;LCD393;2;6578330;357354
Tatruse;Tatarais;LCD394;32;6590200;458934
Tohisoo;Tois;LCD395;16;6560043;372368
Tokolopi;Tokolep;LCD396;7;6575283;446043
Toomja;Tomias;LCD397;7;6544343;390139
Tudu;Tydy;LCD398;10;6560276;491723
Tuhala;Tohal;LCD399;5;6567014;384130
Tuula;Tulalae;LCD400;12;6573916;355149
Tõikvere;Taeukeuerae;LCD401;9;6589192;453965
Tõnuvere;Tonnaewaerae;LCD402;2;6567360;462131
Tõrma;Tormas;LCD403;70;6575220;461461
Tõrma;Terma;LCD404;4;6543072;367831
Tänasilma;Tennesilmae;LCD405;3;6579808;367206
Tüükri;Sacael;LCD406;5;6590504;486067
Ubasalu;Hopasal;LCD407;6;6550449;355719
Ubina;Vbbianes;LCD408;9;6572248;390323
Ubja;Vbias;LCD409;23;6586595;467899
Udriku;Vtric;LCD410;12;6573664;446493
Uhtna;Octinus;LCD411;12;6584285;475469
Undla;Undyl;LCD413;9;6579369;449296
Unukse;Vnox;LCD414;9;6593447;483886
Urvaste;Vrwas;LCD415;5;6571227;391519
Utria;Ydrigas;LCD416;3;6584336;552351
Uueküla;Vsikylae;LCD417;16;6588346;384257
Uuri;Ueri;LCD418;14;6595643;418588
Vaeküla;Wakalae;LCD419;22;6578213;472428
Vaela;Waiolae;LCD420;5;6578855;375986
Vahnamaa;Wahanina;LCD421;7;6553265;343706
Vaiatu;Waeghattae;LCD422;5;6582215;443257
Vaida;Wartae;LCD423;15;6573674;384841
Valaste;Uvalat;LCD424;2;6588935;520810
Valgma;Walghamus;LCD425;2;6573704;452892
Valingu;Vvalaelinkae;LCD426;7;6576666;356093
Valkla;Uvalkal;LCD427;46;6594935;405801
Valtu;Kotoaassen;LCD428;4;6539973;376349
Vanaküla;H?ckae;LCD429;28;6589756;455624
Vanamõisa;Katenshapae;LCD430;4;6590167;454573
Vanamõisa;Kircotaen;LCD431;12;6579666;360454
Vandjala;Uvanghaelae;LCD432;8;6590735;390752
Vandu;Uvannae;LCD433;12;6576311;454572
Vankumäe;Vldalep;LCD434;2;6572818;359350
Vaopere;Wahumperae;LCD435;4;6548876;394146
Varangu;Uvarangalae;LCD436;32;6593234;462304
Varbola;Uarpal;LCD437;10;6547048;355579
Vardi;Kiriuaer;LCD438;7;6547924;354011
Vardja;Uauae;LCD439;1;6561065;398082
Varese;Waret suto;LCD440;5;6550495;345861
Varja;Uvarelae;LCD441;24;6585186;505636
Varudi;Waradas;LCD442;45;6587266;479786
Vasalemma;Wosilki;LCD443;12;6569756;344344
Vasavere;Walsaraevaerae;LCD444;8;6573353;529652
Vaskjala;Vvaskael;LCD445;21;6582323;383388
Vasta;Uvaskaethae;LCD446;8;6591472;482522
Vastja;Waskilae;LCD447;2;6525449;377104
Vatku;Wataekya;LCD448;20;6600726;433059
Vatsla;Wasal;LCD449;5;6587423;357646
Veadla;Uvaetel;LCD450;5;6564105;462310
Veltsi;Uilsae;LCD451;20;6584932;458464
Veski;Aunapo;LCD452;5;6574085;394051
Viimsi;Uianra;LCD454;7;6598155;377543
Vilama;Laucotaux;LCD455;2;6562950;402246
Villakvere;Viliacaueri;LCD456;6;6528130;464151
Vilumäe;Uilumaeki;LCD457;5;6556554;344241
Vinni;Vitni;LCD458;24;6572763;465067
Virla;Wircol;LCD459;3;6547936;400654
Viruküla;Viraekilae;LCD460;3;6553754;340472
Hageda;Akedolae;LCD461;11;6589982;482427
Vohnja;Ouhut;LCD462;20;6582390;445600
Voore;Uorulae;LCD463;20;6565683;472422
Voorepere;Uorumperae;LCD464;8;6585625;507431
Voose;Hohen;LCD465;8;6564222;410062
Võduvere;Waettaeuaer;LCD466;8;6576534;450818
Võerdla;Waerael;LCD467;7;6592720;390269
Võhma;Vemais;LCD468;12;6580760;475333
Võhu;Vov;LCD469;20;6565703;475749
Võide;Waeudith;LCD470;9;6568811;515887
Võipere;Waeibigaerwa;LCD471;30;6586113;449699
Võivere;Waetheuerae;LCD472;4;6562660;383602
Võle;Ulkaenpet;LCD473;12;6592373;457125
Võrkla;Waerkaelae;LCD474;15;6588346;482029
Võrnu;Waerkun;LCD475;13;6573864;511155
Väike-Tammiku;Tamicas;LCD476;8;6541100;460821
Väo;Uvaetho;LCD477;13;6590537;381589
Ämari;Hemaeri;LCD478;5;6571966;339973
Ääsmäe;Asimekae;LCD479;20;6569274;359158
Üksnurme;Huxnum;LCD480;7;6574186;364995
Ürjaste;Yrias;LCD481;6;6555697;346594
Tõdva;Tedau;LCD482;15;6572450;370946
Vihula;Viola;LCD485;;6600778;451898
Karula;Carola;LCD483;;6600403;456747
Kandla;Kandalae;LCD484;24;6596569;458574
Pühali;Pyol;LCD486;;6557118;362293
;Ropae;LCD487;;;
